Name,Avatar
aiur990,aiur.png
General_Liebe,avatar1.png
HumpenSc2,avatar3.png
StahlbolzenSC2,Screenshot_20251214-150908.png
tFFMrPink,popeye.PNG
smallpercy,tt_emote.png
Tromtrom009,avatar1.png
Tromtrom007,popeye.PNG
Tromtrom005,tt_emote.png
dexter_coding,avatar6.png
chrismsr,avatar3.png
BurnySc2,avatar4.png
arch4ng3l_112,avatar5.png
luckyluke4205,avatar4.png
Eiseneichel,avatar2.png
Tester1,Screenshot_20251214-150908.png
Tester2,avatar4.png
Zipfelbanane,avatar1.png
Sentry_,avatar3.png
wombat9,avatar4.png
