Name,Count,LastFlightId
BurnySc2,19,2ea7182e-4fed-4aa6-b0ae-ef9a208c5904
StahlbolzenSC2,18,2ea7182e-4fed-4aa6-b0ae-ef9a208c5904
HumpenSc2,17,2ea7182e-4fed-4aa6-b0ae-ef9a208c5904
tFFMrPink,17,2ea7182e-4fed-4aa6-b0ae-ef9a208c5904
arch4ng3l_112,16,2ea7182e-4fed-4aa6-b0ae-ef9a208c5904
General_Liebe,16,
aiur990,12,2ea7182e-4fed-4aa6-b0ae-ef9a208c5904
Sentry_,11,2ea7182e-4fed-4aa6-b0ae-ef9a208c5904
In3Xo,6,
oiiink,5,
HAUSSCHAF91,3,
Eiseneichel,2,
chrizzko,1,
dexter_coding,1,
luckyluke4205,1,
nomnomsaix,1,
SoulDreamXe,1,
SwissBam,1,
ultegroink,1,
wombat9,1,
Zipfelbanane,1,
